truck,city,state,lat,lng
Hartford Plastics Incartford,Florence,AL,34.79981,-87.677251
Beyond Landscape & Design Llcilsonville,Fremont,CA,37.5482697,-121.9885719
Empire Of Dirt Llcquality,Hampden,ME,44.7445421,-68.8370436
James Haas Al Haas Shelly Haasairfield,North East,MD,39.6001132,-75.9413327
Ibrahim Chimandalpharetta,Toledo,OH,41.6639383,-83.555212
John Bianchiake Havasu City,Renton,WA,47.4828776,-122.2170661
Macomb Iron Llchesterfield,Cleveland,OH,41.49932,-81.6943605
Robert Robertsonairhope,Green Bay,WI,44.519159,-88.019826
Viking Products Of Austin Incustin,Fort Campbell,TN,36.6634467,-87.4773902
Arachus Incashville,Bethlehem,PA,40.6259316,-75.3704579
Dawna L Zanderppleton,Burbank,WA,46.1998568,-119.0130618
